Item,Description,Quantity,Unit Price,Shipping,Total price,Total price ($),product link
Nema 17 stepper motor,17HE19-2004S from stepper online,2,"8,64€","9,29€","26,57€","$30,75",Série E Nema 17 Bipolaire 55Ncm(77.88oz.in) 2A 42x48mm 4 Fils avec 1m Câble & Connecteur - 17HE19-2004S|STEPPERONLINE
Aluminium extrusions,1m double V-slot 4040,2,"27,68€","14,12€","69,48€","$80,40",Profilé aluminium V-SLOT 40x40 fente 6 mm - Anodisé noir
Battery bank ,"12v 1,5 amps minimum, any will do",1,"19,99€",0€,"19,99€","$23,13","VARMFRONT chargeur mobile universel, bleu foncé, 10400 mAh - IKEA"
18650 li ion batterie,"3,6v 3180mAh",2,"3,29€","4,10€","10,68€","$12,36",Panasonic NCR18650BD 3180mAh - 10A
12v to 5v Buck converter,for the slider control board,1,"2,79€",0€,"2,79€","$3,23",https://www.aliexpress.com/item/1005006151233979.html?spm=a2g0o.cart.0.0.23b3378dMurP7R&mp=1&pdp_npi=6%40dis%21EUR%21EUR%202.79%21EUR%202.79%21%21EUR%202.79%21%21%21%4021039a5b17782760872872786ee880%2112000038896346011%21ct%21FR%214694032608%21%211%210%21
"3,5 inch TFT screen","screen, non touch",1,"8,89€",0€,"8,89€","$10,29",https://www.aliexpress.com/item/1005004903996715.html?spm=a2g0o.cart.0.0.23b3378dMurP7R&mp=1&pdp_npi=6%40dis%21EUR%21EUR%208.89%21EUR%208.89%21%21EUR%208.89%21%21%21%4021039a5b17782760872872786ee880%2112000030966524284%21ct%21FR%214694032608%21%211%210%21
Joystick,XY joysticks to control the slider,2,"1,71€",0€,"3,42€","$3,96",https://www.aliexpress.com/item/1005007039932732.html?spm=a2g0o.cart.0.0.5700378djFgoGV&mp=1&pdp_npi=6%40dis%21EUR%21EUR%201.71%21EUR%201.71%21%21EUR%201.71%21%21%21%40211b431017783372421005990e1e48%2112000039184274979%21ct%21FR%214694032608%21%212%210%21
ESP32 S3 supermini,Dev boards,2,"4,49€",0€,"8,98€","$10,39",https://www.aliexpress.com/item/1005007941259180.html?spm=a2g0o.cart.0.0.5700378djFgoGV&mp=1&pdp_npi=6%40dis%21EUR%21EUR%204.49%21EUR%204.49%21%21EUR%204.49%21%21%21%40211b431017783372421005990e1e48%2112000042950049777%21ct%21FR%214694032608%21%213%210%21&pdp_ext_f=%7B%22cart2PdpParams%22%3A%7B%22pdpBusinessMode%22%3A%22retail%22%7D%7D
IO expander,MCP 23017,1,"2,17€",0€,"2,17€","$2,51",https://www.aliexpress.com/item/1005008066849865.html?spm=a2g0o.cart.0.0.5700378djFgoGV&mp=1&pdp_npi=6%40dis%21EUR%21EUR%202.76%21EUR%202.76%21%21EUR%202.76%21%21%21%40211b431017783372421005990e1e48%2112000043519110514%21ct%21FR%214694032608%21%211%210%21&pdp_ext_f=%7B%22cart2PdpParams%22%3A%7B%22pdpBusinessMode%22%3A%22retail%22%7D%7D
Cherry MX switches,10 pack of gateron yellow 3.0,1,"3,19€",0€,"3,19€","$3,69",https://www.aliexpress.com/item/1005006376024657.html?spm=a2g0o.cart.0.0.5700378dLT79eA&mp=1&pdp_npi=6%40dis%21EUR%21EUR%203.19%21EUR%203.19%21%21EUR%203.19%21%21%21%40210388c917783391283103619e83aa%2112000037159110203%21ct%21FR%214694032608%21%211%210%21
USB PD board,for 12v power,1,"4,59€",0€,"4,59€","$5,31",https://www.aliexpress.com/item/1005008209411188.html?spm=a2g0o.cart.0.0.5700378dLT79eA&mp=1&pdp_npi=6%40dis%21EUR%21EUR%2013.00%21EUR%204.59%21%21EUR%204.59%21%21%21%40210388c917783391283103619e83aa%2112000044241199869%21ct%21FR%214694032608%21%211%210%21
M5 locknuts,25 pack ,1,"1,89€",0€,"1,89€","$2,19",https://www.aliexpress.com/item/32798773566.html?spm=a2g0o.cart.0.0.5700378dLT79eA&mp=1&pdp_npi=6%40dis%21EUR%21EUR%201.89%21EUR%201.89%21%21EUR%201.89%21%21%21%40210388c917783391283103619e83aa%2112000015834876028%21ct%21FR%214694032608%21%211%210%21&pdp_ext_f=%7B%22cart2PdpParams%22%3A%7B%22pdpBusinessMode%22%3A%22retail%22%7D%7D
v-slot wheels,24 pack (only need 16),1,"17,69€",0€,"17,69€","$20,47",https://www.aliexpress.com/item/1005005890959821.html?spm=a2g0o.cart.0.0.5700378dLT79eA&mp=1&pdp_npi=6%40dis%21EUR%21EUR%2037.64%21EUR%2017.69%21%21EUR%2017.69%21%21%21%40210388c917783391297743632e83aa%2112000034789681195%21ct%21FR%214694032608%21%211%210%21
M4*90mm ,10 pack (only need 4),1,"4,49€",0€,"4,49€","$5,20",https://www.aliexpress.com/item/1005002270744409.html?spm=a2g0o.cart.0.0.5700378dLT79eA&mp=1&pdp_npi=6%40dis%21EUR%21EUR%204.49%21EUR%204.49%21%21EUR%204.49%21%21%21%40210388c917783391297743632e83aa%2112000019845613133%21ct%21FR%214694032608%21%211%210%21&pdp_ext_f=%7B%22cart2PdpParams%22%3A%7B%22pdpBusinessMode%22%3A%22retail%22%7D%7D
End stop switch,"10 pack, only need 1",1,"1,59€",0€,"1,59€","$1,84",https://www.aliexpress.com/item/32939882024.html?spm=a2g0o.cart.0.0.5700378dLT79eA&mp=1&pdp_npi=6%40dis%21EUR%21EUR%201.59%21EUR%201.59%21%21EUR%201.59%21%21%21%40210388c917783391297743632e83aa%2112000022867292751%21ct%21FR%214694032608%21%211%210%21&pdp_ext_f=%7B%22cart2PdpParams%22%3A%7B%22pdpBusinessMode%22%3A%22retail%22%7D%7D
Ball bearings,"10 pack, only need 4",1,"3,89€",0€,"3,89€","$4,50",https://www.aliexpress.com/item/1005007668446060.html?spm=a2g0o.cart.0.0.5700378dLT79eA&mp=1&pdp_npi=6%40dis%21EUR%21EUR%203.89%21EUR%203.89%21%21EUR%203.89%21%21%21%40210388c917783391297743632e83aa%2112000041725798024%21ct%21FR%214694032608%21%211%210%21
GT2 Idler Pulley,"2*6 pack, need 10",2,"5,79€",0€,"11,58€","$13,40",https://www.aliexpress.com/item/1005007557987612.html?spm=a2g0o.cart.0.0.5700378dLT79eA&mp=1&pdp_npi=6%40dis%21EUR%21EUR%205.79%21EUR%205.79%21%21EUR%205.79%21%21%21%40210388c917783391297743632e83aa%2112000041285813876%21ct%21FR%214694032608%21%212%210%21
GT2 teethed pulley,"5 pack, only need 3",1,"3,19€",0€,"3,19€","$3,69",https://www.aliexpress.com/item/32781681772.html?spm=a2g0o.cart.0.0.5700378dLT79eA&mp=1&pdp_npi=6%40dis%21EUR%21EUR%203.19%21EUR%203.19%21%21EUR%203.19%21%21%21%40210388c917783391297743632e83aa%2112000044304854987%21ct%21FR%214694032608%21%211%210%21
"1/4"" nut","20 pack, need 1",1,"4,09€",0€,"4,09€","$4,73",https://www.aliexpress.com/item/1005009774349007.html?spm=a2g0o.cart.0.0.5700378dLT79eA&mp=1&pdp_npi=6%40dis%21EUR%21EUR%204.09%21EUR%204.09%21%21EUR%204.09%21%21%21%40210388c917783391297743632e83aa%2112000050121395591%21ct%21FR%214694032608%21%211%210%21
GT2 belt,5 meters 6mm,1,"11,69€",0€,"11,69€","$13,53",https://www.aliexpress.com/item/1005010116034089.html?spm=a2g0o.cart.0.0.5700378dLT79eA&mp=1&pdp_npi=6%40dis%21EUR%21EUR%2016.70%21EUR%2011.69%21%21EUR%2011.69%21%21%21%40210388c917783391297743632e83aa%2112000051199284261%21ct%21FR%214694032608%21%211%210%21
"1/2"" 1/4"" screw","UNC screws, for camera, only need 1",1,"2,09€",0€,"2,09€","$2,42",https://www.aliexpress.com/item/1005005237204588.html?spm=a2g0o.cart.0.0.5700378dLT79eA&mp=1&pdp_npi=6%40dis%21EUR%21EUR%202.68%21EUR%202.09%21%21EUR%202.09%21%21%21%40210388c917783391297743632e83aa%2112000032316669621%21ct%21FR%214694032608%21%211%210%21&pdp_ext_f=%7B%22cart2PdpParams%22%3A%7B%22pdpBusinessMode%22%3A%22retail%22%7D%7D
"2"" 1/4"" screw","UNC screws, for tripod, only need 1",1,"4,09€",0€,"4,09€","$4,73",https://www.aliexpress.com/item/1005005237204588.html?spm=a2g0o.cart.0.0.5700378dLT79eA&mp=1&pdp_npi=6%40dis%21EUR%21EUR%205.24%21EUR%204.09%21%21EUR%204.09%21%21%21%40210388c917783391297743632e83aa%2112000032316669625%21ct%21FR%214694032608%21%211%210%21
"1/4"" 50mm coupling nut ","UNC nut, for tripod",1,"6,79€","2,09€","8,88€","$10,28",https://www.aliexpress.com/item/1005008622413040.html?spm=a2g0o.cart.0.0.5700378dLT79eA&mp=1&pdp_npi=6%40dis%21EUR%21EUR%206.79%21EUR%206.79%21%21EUR%206.79%21%21%21%40210388c917783392197194740e83aa%2112000045993770096%21ct%21FR%214694032608%21%211%210%21
Battery holder,2 parallel battery holder,1,"1,49€","0,00€","1,49€","$1,72",https://www.aliexpress.com/item/1005003099571328.html?spm=a2g0o.detail.0.0.3937TJlATJlAjh&mp=1&pdp_npi=6%40dis%21EUR%21EUR%201.17%21EUR%201.17%21%21EUR%201.17%21%21%21%4021038a8017812727345834476e1060%2112000035419280502%21ct%21FR%214694032608%21%211%210%21&_gl=1*5pbowh*_gcl_au*NjY1MTIwMjY0LjE3ODExNjU5OTQ.*_ga*MjA3MTkwMDI1LjE3NzI5MjIxNzY.*_ga_VED1YSGNC7*czE3ODEyNzI1NDEkbzg3JGcxJHQxNzgxMjcyNzMzJGoyMyRsMCRoMA..
Main slider PCB,"pack of 5, need 1",1,"1,73€","8,48€","10,21€","$11,81",https://cart.jlcpcb.com/shopcart/cart
Main controller PCB,"pack of 5, need 1",1,"3,46€",0€,"3,46€","$4,00",https://cart.jlcpcb.com/shopcart/cart
Controller keys PCB,"pack of 5, need 2",1,"3,46€",0€,"3,46€","$4,00",https://cart.jlcpcb.com/shopcart/cart
Resistors,4.7Kohm,2,0€,0€,"0,00€","$0,00",I already have those but you can find them anywhere on aliexpress
Capacitor,100nF decoupling cap for the IO expander,1,0€,0€,"0,00€","$0,00",I already have those but you can find them anywhere on aliexpress
Capacitor,100uF decoupling cap for the motors,1,"1,83€",0€,"1,83€","$2,12",10V 16V 25V 35V 50V 400V 450V DIP Aluminum Electrolytic Capacitor 100UF 220UF 330UF 470UF 680UF 1000UF 10UF 22UF 47UF 0.47UF - AliExpress 502
Elegoo PLA Matte,~500g,1,"17,99€",15€,"32,99€","$38,18",ELEGOO PLA MATTE Filament 1.75mm Colored 1KG
Elegoo PETG rapid,"~1,3kg, rolls of 1kg",2,"13,99€",0€,"27,98€","$32,38",RAPID PETG – ELEGOO FR
,,,,,,,
TOTAL :,,,,,"256,36€","$296,66",